Date,Open,High,Low,Close,Volume,Return,MA5,MA10,Volatility,Target
2024-09-09,10.176234643343834,10.36503288435688,10.100715346938616,10.28951358795166,20533500,0.00925918910254886,10.195114707946777,10.174346542358398,0.006523469202750437,1
2024-09-10,10.346152687892015,10.421671978293633,10.289512769960323,10.327272415161133,35524000,0.003669641610045238,10.24042625427246,10.19700231552124,0.004672047349483805,1
2024-09-11,10.375757709289283,10.49212123825172,10.27878856420815,10.356364250183104,26690300,0.002816991152403636,10.272676086425781,10.207463359832763,0.0037930235398296436,0
2024-09-12,10.356364251378183,10.45333339647051,10.278788565394276,10.31757640838623,25908500,-0.0037453145582618808,10.297168350219726,10.231037425994874,0.004805185676750161,0
2024-09-13,10.31757640838623,10.336969867494648,10.259394181510736,10.31757640838623,16938300,0.0,10.321660614013672,10.245171737670898,0.004805185676750161,1
2024-09-17,10.317576869309876,10.375758174009416,10.298182484559918,10.336970329284668,18105900,0.0018796973369321623,10.331151962280273,10.263133335113526,0.002944978564923737,1
2024-09-18,10.336969866301803,10.375757709289283,10.317576407195627,10.356364250183104,13326600,0.0018761707038563724,10.336970329284666,10.288698291778564,0.002618066898926713,0
2024-09-19,10.3757577104866,10.39515209437014,10.278788565394276,10.31757640838623,15438900,-0.0037453145582618808,10.329212760925293,10.300944423675537,0.002842461644885036,0
2024-09-20,10.356364252582283,10.395152095578748,10.278788566589355,10.278788566589355,23154900,-0.0037593946738643247,10.321455192565917,10.309311771392823,0.002846179280505386,1
2024-09-23,10.278789021684617,10.375758171081545,10.20121333225701,10.375758171081545,8581000,0.009433952635953924,10.333091545104981,10.327376079559325,0.005425612222426315,1
2024-09-24,10.375758168175478,10.453333857581358,10.317576863508652,10.414546012878418,4198700,0.0037383139773803364,10.34860668182373,10.339879322052003,0.005551426235906364,0
2024-09-25,10.414546015795343,10.433940400539829,10.31757686639842,10.375758171081545,9920100,-0.0037243910343195408,10.352485466003419,10.344727897644043,0.006005222574378297,0
2024-09-26,10.317576869309876,10.356364714034624,10.278789024585128,10.336970329284668,8842600,-0.0037383139773807805,10.356364250183107,10.3427885055542,0.006004018483597998,0
2024-09-27,10.33696937296814,10.35636375592384,10.181818008422852,10.181818008422852,9355500,-0.015009457889442634,10.336970138549805,10.329212665557861,0.009203351911709283,0
2024-09-30,10.201212855199431,10.24000069809933,10.162424087524414,10.162424087524414,13366600,-0.0019047601206773068,10.29430332183838,10.31369743347168,0.006810700623979598,1
2024-10-01,10.18181895913596,10.240001188660669,10.143031114377877,10.220606803894045,6397400,0.005725279310185183,10.255515480041504,10.302061080932617,0.007415525567563534,0
2024-10-02,10.201212390714211,10.22060584889357,10.084847942537744,10.143030166625977,8410900,-0.0075902183457944306,10.208969879150391,10.280727672576905,0.007613636879095698,1
2024-10-03,10.143031114377877,10.220606803894045,10.084848884853171,10.220606803894045,11292800,0.0076482703880071945,10.185697174072265,10.271030712127686,0.009394398428577004,0
2024-10-04,10.181818008422852,10.240000232514875,10.12363578433083,10.181818008422852,12419500,-0.003795155827383434,10.185697174072265,10.261333656311036,0.006459802723188332,0
2024-10-07,10.181818008422852,10.201212391378553,10.104242326150208,10.181818008422852,7475800,0.0,10.189575958251954,10.241939640045167,0.006373753152872445,0
2024-10-08,10.181818471361924,10.181818471361924,10.143030628462023,10.162424087524414,8959300,-0.0019047601206773068,10.177939414978027,10.216727447509767,0.005651828192494999,1
2024-10-09,10.181818008422852,10.240000232514875,10.181818008422852,10.181818008422852,4743600,0.001908395155664211,10.185696983337403,10.197333431243898,0.0043930179655058,1
2024-10-10,10.220606803894045,10.27878903341875,10.201213343902584,10.220606803894045,6759800,0.003809613905798148,10.185696983337403,10.185697078704836,0.003007755956718724,1
2024-10-11,10.201212881791472,10.259394183905425,10.201212881791472,10.24000072479248,5909600,0.0018975312592053317,10.197333526611327,10.191515350341799,0.002171477842385047,0
2024-10-14,10.240001188660669,10.259394648652126,10.18181895913596,10.220606803894045,3022100,-0.001893937453684047,10.205091285705567,10.19733362197876,0.0025523130463786306,1
2024-10-15,10.220606795110422,10.356364714034624,10.220606795110422,10.336970329284668,12317600,0.011385187555232879,10.240000534057618,10.208969974517823,0.0049101118647502245,0
2024-10-16,10.336969868696489,10.336969868696489,10.24000072359289,10.278788566589355,7567800,-0.00562851211156945,10.25939464569092,10.22254581451416,0.006416519570750329,1
2024-10-17,10.27878856420815,10.375757709289283,10.27878856420815,10.356364250183104,5079500,0.007547162108762828,10.28654613494873,10.236121559143067,0.006892611592181344,0
2024-10-18,10.317576869309876,10.375758174009416,10.317576869309876,10.336970329284668,6453400,-0.0018726572791308849,10.305940055847168,10.251636791229249,0.007196602399698114,0
2024-10-21,10.298182484559918,10.336970329284668,10.25939463983517,10.336970329284668,3445100,0.0,10.329212760925293,10.267152023315429,0.006993474975840435,0
2024-10-22,10.336970332223569,10.35636471697904,10.298182487487791,10.298182487487791,6057900,-0.003752341407713078,10.321455192565917,10.280727863311768,0.005086239074436399,0
2024-10-23,10.298182487487791,10.336970332223569,10.278789027507488,10.298182487487791,7188600,0.0,10.325333976745604,10.292364311218261,0.004295568203886213,0
2024-10-24,10.278789030451945,10.317576875198831,10.240001185705056,10.259394645690918,12054000,-0.0037664745059625693,10.305940055847168,10.29624309539795,0.0018797132615737794,0
2024-10-25,10.29818249341021,10.29818249341021,10.18181895913596,10.220606803894045,5831600,-0.003780714470630553,10.282667350769042,10.294303703308106,0.002063026949131279,0
2024-10-28,10.220606316497562,10.278788543247698,10.084848403930664,10.084848403930664,13604800,-0.01328281212341098,10.232242965698243,10.280727863311768,0.004953155141549409,1
2024-10-29,10.104242325492182,10.162423624805337,10.104242325492182,10.143030166625977,16313400,0.0057692253135541716,10.201212501525879,10.261333847045899,0.006943194460746184,1
2024-10-30,10.162423625467152,10.201212391378553,10.104242326150208,10.181818008422852,18351100,0.0038240881826911988,10.17793960571289,10.251636791229249,0.007542682074451281,0
2024-11-01,10.18181847358918,10.18181847358918,10.084848403930664,10.084848403930664,15832100,-0.009523800603386312,10.14303035736084,10.224485206604005,0.008239811717504347,1
2024-11-04,10.104242786663038,10.181818472471283,10.084848402823416,10.12363624572754,3985100,0.0038461502090363364,10.123636245727539,10.20315179824829,0.008835831345417676,1
2024-11-05,10.104243269619795,10.259394648652126,10.104243269619795,10.220606803894045,9613100,0.009578629240795555,10.150787925720216,10.191515445709229,0.007223818475669683,1
2024-11-06,10.25939418270356,10.278788566589355,10.201212880596426,10.278788566589355,7861300,0.005692593777616439,10.177939605712892,10.189576053619385,0.007215752516839375,0
2024-11-07,10.278789030451945,10.317576875198831,10.20121334095817,10.259394645690918,12499600,-0.0018867905271907626,10.193454933166505,10.185697269439697,0.007438623727694503,0
2024-11-08,10.259393690695497,10.278788073651196,10.181818008422852,10.181818008422852,5558600,-0.007561521897459067,10.212848854064942,10.17793960571289,0.006726571898405203,0
2024-11-11,10.181818005739752,10.220605846865856,10.026666641235352,10.026666641235352,6387900,-0.015238080965418122,10.193454933166503,10.158545589447021,0.009992026556610117,1
2024-11-12,10.06545494266223,10.162424087524414,10.06545494266223,10.162424087524414,9276500,0.013539638959447542,10.181818389892578,10.166303157806396,0.011210637546447567,0
2024-11-13,10.162423624138436,10.162423624138436,10.06545448369785,10.104242324829102,3269900,-0.005725185466992855,10.146909141540528,10.16242437362671,0.010631354617472425,0
2024-11-14,10.123635780983172,10.14303016393246,9.96848441648919,9.987878799438477,10771400,-0.011516303909763326,10.09260597229004,10.143030452728272,0.011153868692607316,1
2024-11-15,10.026667103065012,10.046060562133787,9.96848487630844,10.046060562133787,13010100,0.005825237156320107,10.065454483032227,10.139151668548584,0.012046350962337804,0
2024-11-18,10.00727225828476,10.065454482361451,9.94909095898315,10.026666641235352,8958700,-0.0019305000978728781,10.065454483032227,10.129454708099365,0.009828245075160669,0
2024-11-19,9.98787926351935,10.007272722594664,9.929697036743164,9.929697036743164,11017500,-0.009671170685319641,10.018909072875976,10.100363731384277,0.006903437721040639,0
2024-11-20,9.929697040169946,9.949091424027074,9.71636436639226,9.81333351135254,24806300,-0.011718738745002955,9.960727310180664,10.053818225860596,0.007629100590624892,1
2024-11-21,9.813333509085936,9.929697037876466,9.813333509085936,9.890909194946287,8807300,0.00790513065758991,9.941333389282226,10.016969680786133,0.00884050209901423,0
2024-11-22,9.890909194946287,9.929697037876466,9.852121352016113,9.890909194946287,8308300,0.0,9.910303115844725,9.987878799438477,0.007898609640436205,1
2024-11-25,9.910303117191486,10.104242322808965,9.890908734242196,9.987878799438477,27565700,0.009803912115757374,9.902545547485351,9.98400001525879,0.009833087101922712,0
2024-11-26,9.987878798081177,10.046060097370972,9.910303115844728,9.910303115844728,12043400,-0.0077669828750934755,9.898666763305664,9.95878791809082,0.009429094955214337,0
2024-11-27,9.929696573333649,9.968484414449208,9.871515274047852,9.871515274047852,18362100,-0.003913890558489785,9.910303115844727,9.935515213012696,0.007533003727848522,1
2024-11-28,9.871515735868762,9.910303578798938,9.832727892938586,9.890909194946287,11487500,0.001964634644229468,9.910303115844725,9.925818252563477,0.0066260755168915655,0
2024-11-29,9.890909194946287,9.910303578798938,9.852121352016113,9.890909194946287,14264900,0.0,9.910303115844727,9.910303115844727,0.0066260755168915655,0
2024-12-02,9.89090919838667,9.949091425189732,9.774545669555664,9.774545669555664,8313200,-0.011764694538908382,9.867636489868165,9.885091018676757,0.005604156712528418,1
2024-12-03,9.793939591816736,9.871515274047852,9.755151750701176,9.871515274047852,11883800,0.009920625241356618,9.85987892150879,9.879272842407227,0.007954987557028156,0
2024-12-04,9.793939591816736,9.890908732218092,9.793939591816736,9.871515274047852,6372400,0.0,9.85987892150879,9.885091018676757,0.007756992407789337,1
2024-12-05,9.890908732898074,9.9296965740163,9.871515274726502,9.910303115844728,4621500,0.0039292692884596025,9.863757705688476,9.887030410766602,0.007927742240292603,0
2024-12-06,9.910303579938931,9.910303579938931,9.832727894069656,9.852121353149414,21450600,-0.005870835837734623,9.8560001373291,9.883151626586914,0.00842416918151529,0
2024-12-09,9.813333048621644,9.871515272674426,9.793939590454102,9.793939590454102,9903600,-0.005905506094554314,9.85987892150879,9.863757705688476,0.006751661904897544,0
2024-12-10,9.793939590454102,9.832727431564264,9.774545207511482,9.793939590454102,14271600,0.0,9.844363784790039,9.852121353149414,0.004256335366021231,1
2024-12-11,9.793940052270532,9.832727895209668,9.793940052270532,9.81333351135254,8436000,0.0019801960916057126,9.832727432250977,9.846303176879882,0.004522665178660796,1
2024-12-12,9.832727432250977,9.852120890419872,9.793939591138106,9.832727432250977,8949000,0.001976282664397422,9.817212295532226,9.840485000610352,0.004029222424305018,0
2024-12-13,9.852120890419872,9.871515273363848,9.813333049307,9.832727432250977,7364400,0.0,9.813333511352539,9.83466682434082,0.0032381372133659884,0
2024-12-16,9.832727895209668,9.852121354291674,9.793940052270532,9.81333351135254,10993700,-0.0019723846747571327,9.817212295532228,9.838545608520509,0.0016530158174816532,1
2024-12-17,9.813333049307,9.852120890419872,9.793939591138106,9.832727432250977,17866600,0.001976282664397422,9.824969863891603,9.83466682434082,0.0017667730055199772,0
2024-12-18,9.832727895209668,9.852121354291674,9.81333351135254,9.81333351135254,8070600,-0.0019723846747571327,9.824969863891601,9.82884864807129,0.0019743338619753925,0
2024-12-19,9.793939589764657,9.813333047930834,9.735757365715973,9.755151748657228,8357800,-0.005928847993192599,9.809454727172852,9.813333511352539,0.0029310388645567968,0
2024-12-20,9.755152213946314,9.774545673037496,9.65818214416504,9.65818214416504,16617300,-0.009940348135080046,9.774545669555664,9.793939590454102,0.0045280092127442315,1
2024-12-23,9.68727279173863,9.774545669555664,9.65818214072466,9.774545669555664,7289400,0.012048180874381531,9.766788101196289,9.792000198364258,0.008426184480353378,0
2024-12-24,9.774545669555664,9.813333512499334,9.716364367527722,9.774545669555664,5510500,0.0,9.755151748657227,9.790060806274415,0.008311107427914627,1
2024-12-26,9.774545668413404,9.871515738148805,9.755152209331396,9.81333351135254,3892000,0.00396825009654278,9.755151748657228,9.790060806274415,0.008585789060472542,0
2024-12-27,9.813333048621644,9.852120889731806,9.793939590454102,9.793939590454102,2381800,-0.001976282664397755,9.762909317016604,9.786182022094726,0.008066291172799842,1
2024-12-30,9.7939400488906,9.929697036743164,9.7939400488906,9.929697036743164,5907300,0.013861372641238434,9.817212295532226,9.795878982543945,0.007093131213358519,0
2024-12-31,9.929697036743164,9.968484879668914,9.8715157347421,9.929697036743164,6723100,0.0,9.848242568969727,9.807515335083007,0.00635461791143093,0
2025-01-02,9.890908732218092,9.91030311516341,9.832727432932291,9.871515274047852,5317400,-0.005859369372501533,9.867636489868165,9.811394119262696,0.007519086927063951,0
2025-01-03,9.852120890419872,9.871515273363848,9.813333049307,9.832727432250977,5622100,-0.0039292692884594915,9.871515274047852,9.813333511352539,0.007825210694120985,0
2025-01-06,9.832727431564264,9.852120889731806,9.774545207511482,9.793939590454102,10345600,-0.003944769349514599,9.871515274047852,9.817212295532226,0.008022888325214275,1
2025-01-07,9.793940051135015,9.852121353149414,9.793940051135015,9.852121353149414,8476000,0.005940588274816472,9.8560001373291,9.836606216430663,0.004703125369631907,0
2025-01-08,9.832727430872088,9.852120889038265,9.755151748657228,9.755151748657228,8759200,-0.0098425101575903,9.821091079711914,9.83466682434082,0.005815866121437061,1
2025-01-09,9.755152210471392,9.852121355443002,9.755152210471392,9.774545669555664,10233100,0.0019880696270158094,9.801697158813477,9.83466682434082,0.00608189560966805,1
2025-01-10,9.793939590454102,9.813333048621644,9.774545207511482,9.793939590454102,2682500,0.001984125048271279,9.793939590454102,9.832727432250977,0.006176844437271799,0
2025-01-13,9.79394005341506,9.813333512499334,9.755152210471392,9.774545669555664,10214700,-0.0019801960916054906,9.790060806274415,9.830788040161133,0.005984279059789118,1
2025-01-14,9.793940050008407,9.987879264659291,9.793940050008407,9.890909194946287,19973500,0.011904750289627897,9.797818374633788,9.826909255981445,0.007860042381535013,0
2025-01-15,9.968484413758484,9.968484413758484,9.793939591138106,9.832727432250977,11024100,-0.005882347269454136,9.813333511352539,9.817212295532226,0.006619843499916069,0
2025-01-16,9.871515273363848,9.910303114476717,9.832727432250977,9.832727432250977,9931100,0.0,9.824969863891601,9.813333511352539,0.006650557912803659,0
2025-01-17,9.832727432250977,9.890908731532743,9.774545208194132,9.832727432250977,15633400,0.0,9.832727432250977,9.813333511352539,0.0066516610340460565,1
2025-01-20,9.83272789070285,9.98787926238828,9.83272789070285,9.96848487854004,8638800,0.013806692723301373,9.871515274047852,9.830788040161133,0.008489865211116906,0
2025-01-21,9.96848487854004,9.98787926238828,9.890909192697324,9.96848487854004,5418900,0.0,9.887030410766602,9.842424392700197,0.007291565730001612,1
2025-01-22,9.96848487630844,10.046060562133787,9.949091417239664,10.046060562133787,8926100,0.007782093722261685,9.929697036743164,9.871515274047852,0.006284317914843711,0
2025-01-23,10.046060562133787,10.065454945977686,9.96848487630844,10.046060562133787,9697800,0.0,9.972363662719726,9.898666763305663,0.006284317914843711,1
2025-01-24,10.046060561022282,10.084848403930664,10.0072727181139,10.084848403930664,11596300,0.0038610001957462003,10.022787857055665,9.92775764465332,0.005842831957870417,0
2025-01-27,10.046060562133787,10.065454945977686,10.007272719221117,10.046060562133787,3223800,-0.0038461502090362254,10.038302993774414,9.954909133911134,0.0044187868924601865,0
2025-01-28,10.046060565520412,10.084848408446163,9.929697036743164,9.929697036743164,3640700,-0.011583000587237935,10.030545425415038,9.95878791809082,0.0074424497631987285,1
2025-01-31,9.92969657603256,10.046060099410862,9.89090873490646,10.026666641235352,7709000,0.009765615620835888,10.026666641235352,9.978181838989258,0.008040266141883724,0
2025-02-03,10.007272257612684,10.026666640561972,9.929696575365694,9.987878799438477,4994800,-0.003868468274127901,10.01503028869629,9.993696975708009,0.008181783671774398,1
2025-02-04,9.968484417822973,10.08484794120903,9.94909095964617,10.065454483032228,10817200,0.00776698287509392,10.0111515045166,10.016969680786133,0.008930202023647225,0
2025-02-05,10.065454482361451,10.084847940536964,10.026666641235352,10.026666641235352,6038400,-0.0038535608960591494,10.007272720336914,10.022787857055665,0.008930927301967245,1
2025-02-06,10.0266666425666,10.104242324829102,10.007272259613435,10.104242324829102,12903300,0.007736936548255802,10.042181777954102,10.036363601684569,0.006778374518931882,0
2025-02-07,10.104242324829102,10.123635783007186,10.084847941875935,10.104242324829102,6398400,0.0,10.057696914672851,10.042181777954102,0.005871320663165472,1
2025-02-10,10.104242325492182,10.143030166625977,10.065454484358384,10.143030166625977,6433900,0.0038387679699209976,10.08872718811035,10.051878738403321,0.005044543421136891,1
2025-02-12,10.16242411282484,10.278788566589355,10.143030653714169,10.278788566589355,11945900,0.01338440266204377,10.131394004821777,10.07127275466919,0.006698716923204375,0
2025-02-13,10.278788569006778,10.317576412012365,10.181818499105251,10.201212882995604,6888700,-0.007547162108763272,10.166303253173828,10.086787986755372,0.007906580897929056,1
2025-02-14,10.181818497903407,10.24000072479248,10.16242411401534,10.24000072479248,5132600,0.0038022774587453956,10.193454933166503,10.117818355560303,0.007565753520199129,0
2025-02-17,10.24000072479248,10.24000072479248,10.16242411401534,10.24000072479248,3827600,0.0,10.22060661315918,10.139151763916015,0.007565753520199129,0
2025-02-18,10.18181895913596,10.220606803894045,10.046061040095088,10.220606803894045,12645300,-0.001893937453684047,10.236121940612794,10.162424564361572,0.007780543037447234,0
2025-02-19,10.181818008422852,10.220605849559174,10.14303016728653,10.181818008422852,11660500,-0.003795155827383434,10.216727828979492,10.174060916900634,0.0042310515442672185,0
2025-02-20,10.143030629567162,10.181818472471283,10.084848402823416,10.12363624572754,8891800,-0.005714280362031587,10.201212501525879,10.183757877349853,0.003658728881763916,1
2025-02-21,10.12363578433083,10.220605849559174,10.104242326150208,10.181818008422852,11116300,0.0057471210228305925,10.189575958251954,10.191515445709229,0.004395280656530711,0
2025-02-24,10.162424087524414,10.22060631426182,10.123636244624516,10.162424087524414,7864000,-0.0019047601206773068,10.17406063079834,10.19733362197876,0.004355081380500389,0
2025-02-25,10.181818007759771,10.201212390714211,10.12363578367154,10.143030166625977,8278900,-0.001908395155664322,10.158545303344727,10.19733362197876,0.004355402982567749,1
2025-02-26,10.143031102798725,10.433940400539829,10.143031102798725,10.375758171081545,12926700,0.02294462311877199,10.197333335876465,10.20703058242798,0.011466844261560624,0
2025-02-27,10.375758174009416,10.395152558759372,10.317576869309876,10.336970329284668,7396500,-0.0037383139773807805,10.240000152587891,10.220606327056887,0.011083185014104546,1
2025-02-28,10.356364248996943,10.414545551083936,10.317576406013908,10.39515209197998,28644300,0.005628512111569339,10.282666969299317,10.236121463775635,0.011079247099273349,0
2025-03-03,10.356364250183104,10.414545552276762,10.317576407195627,10.356364250183104,7335000,-0.003731339518043386,10.321455001831055,10.247757816314698,0.011357656745100662,0
2025-03-04,10.317576409585818,10.356364252582283,10.25939418270356,10.278788566589355,10536900,-0.0074906291165238725,10.34860668182373,10.253575992584228,0.012299200562681478,0
2025-03-05,10.278789030451945,10.336970335184692,10.240001185705056,10.259394645690918,9949000,-0.0018867905271907626,10.325333976745606,10.261333656311034,0.004849647289531155,0
2025-03-06,10.29818202690643,10.356364253795505,10.220606340904414,10.24000072479248,8011300,-0.0018903572353153875,10.305940055847168,10.27297010421753,0.004777142236364092,1
2025-03-07,10.220606338518785,10.31757640838623,10.220606338518785,10.31757640838623,13601100,0.007575749814736632,10.290424919128418,10.286545944213866,0.0055573500677743165,0
2025-03-10,10.317576875198831,10.317576875198831,10.220606800944031,10.259394645690918,10654600,-0.005639092010796376,10.27103099822998,10.296243000030518,0.005809912668339562,0
2025-03-11,10.24000072479248,10.278788567793487,10.123636271014332,10.24000072479248,19060800,-0.0018903572353153875,10.263273429870605,10.305940055847168,0.004927331408901948,0
2025-03-12,10.220000267028809,10.220000267028809,10.100000381469728,10.18000030517578,18772300,-0.0058594155634610345,10.247394561767578,10.286364269256591,0.005449823363676899,1
2025-03-13,10.18000030517578,10.31999969482422,10.140000343322754,10.300000190734863,11848700,0.011787807658323324,10.259394454956055,10.28266725540161,0.008045349030482596,1
2025-03-14,10.260000228881836,10.399999618530272,10.199999809265137,10.31999969482422,12181600,0.0019416993901948398,10.259879112243652,10.275152015686036,0.0072870597364984,1
2025-03-17,10.34000015258789,10.4399995803833,10.31999969482422,10.420000076293944,12164200,0.00968995973128517,10.292000198364258,10.281515598297117,0.007506934541410192,0
2025-03-19,10.399999618530272,10.460000038146973,10.34000015258789,10.359999656677246,14737900,-0.00575819761779095,10.315999984741211,10.289636707305908,0.008310396596793264,0
2025-03-20,10.359999656677246,10.399999618530272,10.15999984741211,10.18000030517578,9345500,-0.017374455353910467,10.315999984741211,10.281697273254395,0.011954392620747148,0
2025-03-21,10.199999809265137,10.279999732971191,10.18000030517578,10.18000030517578,20309800,0.0,10.292000007629394,10.275697231292725,0.010077691735434841,0
2025-03-24,10.18000030517578,10.279999732971191,10.15999984741211,10.15999984741211,7825900,-0.001964681450304262,10.260000038146972,10.259939575195313,0.009814611460389155,1
2025-03-25,10.199999809265137,10.279999732971191,10.15999984741211,10.220000267028809,10897000,0.005905553200572289,10.220000076293944,10.256000137329101,0.008661685418644692,0
2025-03-26,10.220000267028809,10.300000190734863,10.18000030517578,10.18000030517578,14890200,-0.003913890490010563,10.184000205993652,10.250000095367431,0.008598528913901353,1
2025-03-27,10.18000030517578,10.399999618530272,10.18000030517578,10.359999656677246,12466300,0.017681664646900908,10.220000076293946,10.268000030517578,0.008717455295070299,0
2025-03-28,10.359999656677246,10.420000076293944,10.119999885559082,10.119999885559082,14794700,-0.02316600184088602,10.207999992370606,10.25,0.014978337940119357,1
2025-04-02,10.18000030517578,10.34000015258789,10.18000030517578,10.31999969482422,11658100,0.01976282722596978,10.239999961853027,10.25,0.017586392248414393,0
2025-04-03,10.260000228881836,10.279999732971191,10.199999809265137,10.260000228881836,3435200,-0.0058139019105277745,10.247999954223634,10.23400001525879,0.01792241941220127,0
2025-04-04,10.199999809265137,10.260000228881836,10.15999984741211,10.239999771118164,11496600,-0.001949362311646996,10.259999847412109,10.222000026702881,0.017811415449913562,0
2025-04-07,10.119999885559082,10.140000343322754,9.869999885559082,10.0,32825100,-0.023437478172126713,10.18799991607666,10.203999996185303,0.017851215775791896,0
2025-04-08,10.0,10.020000457763672,9.880000114440918,9.880000114440918,23089300,-0.011999988555908225,10.139999961853027,10.173999977111816,0.015902978109652428,0
2025-04-09,9.869999885559082,9.880000114440918,9.31999969482422,9.5,33584300,-0.038461549599123734,9.976000022888183,10.107999992370605,0.014802548445456944,1
2025-04-10,9.979999542236328,10.079999923706056,9.880000114440918,9.989999771118164,15033600,0.05157892327559632,9.92199993133545,10.084999942779541,0.03434745242715702,0
2025-04-11,9.850000381469728,9.899999618530272,9.720000267028809,9.81999969482422,10373900,-0.017017025043927103,9.83799991607666,10.048999881744384,0.034688213421782396,1
2025-04-14,9.899999618530272,9.979999542236328,9.850000381469728,9.890000343322754,10707000,0.007128375832376799,9.815999984741211,10.001999950408935,0.03394363606694239,1
2025-04-15,9.899999618530272,9.960000038146973,9.899999618530272,9.9399995803833,6780200,0.0050555344110077005,9.827999877929688,9.983999919891357,0.03351082528954324,0
2025-04-16,9.9399995803833,9.960000038146973,9.8100004196167,9.84000015258789,6038900,-0.01006030503187949,9.895999908447266,9.935999965667724,0.026731915113598865,1
2025-04-17,9.84000015258789,9.890000343322754,9.8100004196167,9.869999885559082,5321100,0.0030487533034542214,9.871999931335449,9.896999931335449,0.010587690028252524,1
2025-04-18,9.869999885559082,10.0600004196167,9.869999885559082,10.020000457763672,5759800,0.015197626539394049,9.91200008392334,9.875,0.009149554612606277,0
2025-04-21,10.039999961853027,10.039999961853027,9.970000267028809,9.979999542236328,3345700,-0.003992107155678881,9.929999923706054,9.872999954223634,0.009563696676744492,0
2025-04-22,9.970000267028809,9.970000267028809,9.899999618530272,9.949999809265137,6512000,-0.003005985405533318,9.931999969482423,9.879999923706055,0.009567694261239644,0
2025-04-23,9.989999771118164,10.0,9.90999984741211,9.949999809265137,7732300,0.0,9.953999900817871,9.924999904632568,0.00774485028233078,0
2025-04-24,9.949999809265137,9.989999771118164,9.93000030517578,9.949999809265137,9293800,0.0,9.969999885559082,9.920999908447266,0.007786113419732032,0
2025-04-25,9.960000038146973,9.970000267028809,9.869999885559082,9.869999885559082,9179100,-0.008040193491417047,9.939999771118163,9.925999927520753,0.003331199847651992,1
2025-04-28,9.90999984741211,9.989999771118164,9.899999618530272,9.989999771118164,10079900,0.012158043257392004,9.941999816894532,9.935999870300293,0.007437261374577271,0
2025-04-29,9.989999771118164,10.0,9.949999809265137,9.949999809265137,6401100,-0.004004000277224251,9.941999816894532,9.936999893188476,0.007557978451722968,1
2025-04-30,9.989999771118164,10.0,9.9399995803833,9.989999771118164,13948400,0.004020096745708468,9.949999809265137,9.951999855041503,0.007765919472268377,0
2025-05-02,9.989999771118164,10.039999961853027,9.960000038146973,9.989999771118164,18469500,0.0,9.957999801635742,9.963999843597412,0.007765919472268377,1
2025-05-05,10.020000457763672,10.0600004196167,9.989999771118164,10.0,6860500,0.0010010239350302097,9.983999824523925,9.961999797821045,0.006047649819013436,0
2025-05-06,10.0,10.020000457763672,9.949999809265137,9.960000038146973,5588400,-0.003999996185302779,9.977999877929687,9.95999984741211,0.0034429531248585292,1
2025-05-07,9.979999542236328,10.020000457763672,9.960000038146973,10.0,16094000,0.004016060411629274,9.98799991607666,9.964999866485595,0.0033248041716039227,0
2025-05-08,10.0,10.0600004196167,9.880000114440918,9.880000114440918,12018800,-0.011999988555908225,9.965999984741211,9.957999897003173,0.00618477292948975,1
2025-05-09,9.93000030517578,9.9399995803833,9.890000343322754,9.890000343322754,8175900,0.0010121689034414683,9.946000099182129,9.951999950408936,0.00629030749582753,1
2025-05-13,9.979999542236328,10.239999771118164,9.979999542236328,10.199999809265137,33513000,0.03134473763205481,9.986000061035156,9.984999942779542,0.016406049329234982,0
2025-05-14,10.220000267028809,10.279999732971191,10.119999885559082,10.199999809265137,16646600,0.0,10.034000015258789,10.005999946594239,0.016006538621384406,0
2025-05-15,10.199999809265137,10.220000267028809,10.079999923706056,10.100000381469728,10899600,-0.009803865653465471,10.054000091552735,10.021000003814697,0.017330314390721534,1
2025-05-16,10.100000381469728,10.18000030517578,10.079999923706056,10.140000343322754,6301900,0.003960392113094624,10.1060001373291,10.036000061035157,0.015449313291492186,0
2025-05-19,10.140000343322754,10.15999984741211,10.079999923706056,10.140000343322754,7294200,0.0,10.156000137329102,10.051000118255615,0.015526027909676816,0
2025-05-20,10.140000343322754,10.18000030517578,10.0,10.039999961853027,8251600,-0.009861970225235495,10.12400016784668,10.055000114440919,0.006319152462735203,0
2025-05-21,10.039999961853027,10.0600004196167,9.979999542236328,10.0,9415900,-0.003984059960658093,10.084000205993652,10.05900011062622,0.006070345264828371,0
2025-05-22,10.0,10.020000457763672,9.81999969482422,9.81999969482422,11412000,-0.018000030517577925,10.02800006866455,10.041000080108642,0.0086211207547262,1
2025-05-23,9.880000114440918,9.890000343322754,9.859999656677246,9.880000114440918,10907900,0.006110022554106864,9.976000022888183,10.041000080108642,0.009246566022230519,1
2025-05-26,9.899999618530272,9.9399995803833,9.850000381469728,9.920000076293944,7002100,0.004048579088026472,9.931999969482423,10.044000053405762,0.009959750012720495,0
2025-05-27,9.920000076293944,9.9399995803833,9.850000381469728,9.850000381469728,10954400,-0.00705642079494484,9.894000053405762,10.009000110626221,0.009644752106973471,0
2025-05-28,9.869999885559082,9.890000343322754,9.81999969482422,9.84000015258789,8025100,-0.001015251623812219,9.86200008392334,9.973000144958496,0.0097198626355072,1
2025-05-29,9.850000381469728,9.890000343322754,9.81999969482422,9.869999885559082,8959200,0.0030487533034542214,9.872000122070313,9.950000095367432,0.005209775144877379,0
2025-05-30,9.890000343322754,9.899999618530272,9.779999732971191,9.779999732971191,29844200,-0.009118556598928684,9.852000045776368,9.914000034332275,0.005900941908261888,0
2025-06-03,9.800000190734863,9.84000015258789,9.699999809265137,9.760000228881836,10002900,-0.002044939124275391,9.820000076293946,9.876000022888183,0.004874642356248241,0
2025-06-04,9.760000228881836,9.779999732971191,9.710000038146973,9.720000267028809,8806600,-0.00409835665112579,9.794000053405762,9.844000053405761,0.004456853089746516,0
2025-06-05,9.729999542236328,9.739999771118164,9.6899995803833,9.699999809265137,8953900,-0.002057660207223977,9.76599998474121,9.814000034332276,0.004385325696818551,0
2025-06-06,9.6899995803833,9.710000038146973,9.68000030517578,9.699999809265137,5942700,0.0,9.731999969482422,9.802000045776367,0.003477327998102793,0
2025-06-09,9.710000038146973,9.720000267028809,9.68000030517578,9.68000030517578,4156400,-0.002061804585836602,9.71200008392334,9.782000064849854,0.0014490044895785334,0
2025-06-10,9.6899995803833,9.699999809265137,9.649999618530272,9.65999984741211,9601600,-0.002066162926975923,9.692000007629394,9.75600004196167,0.0014490076992501753,1
2025-06-11,9.65999984741211,9.760000228881836,9.65999984741211,9.699999809265137,7224400,0.004140782865927672,9.68799991607666,9.740999984741212,0.0026955443590611417,1
2025-06-12,9.699999809265137,9.81999969482422,9.6899995803833,9.770000457763672,9934800,0.0072165618427819656,9.702000045776368,9.73400001525879,0.004101589205306057,0
2025-06-13,9.75,9.760000228881836,9.68000030517578,9.699999809265137,6997700,-0.007164856214813109,9.702000045776368,9.717000007629395,0.005680652404257589,0
2025-06-16,9.6899995803833,9.699999809265137,9.56999969482422,9.59000015258789,14727400,-0.011340171014454836,9.684000015258789,9.698000049591064,0.007688457752437828,0
2025-06-17,9.600000381469728,9.630000114440918,9.529999732971191,9.550000190734863,10413500,-0.004171007426129525,9.66200008392334,9.677000045776367,0.00776102836801384,1
2025-06-18,9.550000190734863,9.640000343322754,9.550000190734863,9.619999885559082,8598600,0.007329810829965311,9.646000099182128,9.667000007629394,0.008513497474719184,0
2025-06-19,9.640000343322754,9.649999618530272,9.56999969482422,9.600000381469728,3742600,-0.0020789505537703867,9.61200008392334,9.657000064849854,0.006975900801040527,1
2025-06-20,9.609999656677246,9.6899995803833,9.59000015258789,9.65999984741211,13607700,0.00624994412064761,9.604000091552734,9.65300006866455,0.007744193394264552,1
2025-06-23,9.600000381469728,9.6899995803833,9.579999923706056,9.670000076293944,5298600,0.0010352203974943741,9.620000076293945,9.652000045776367,0.005039450486547396,1
2025-06-24,9.670000076293944,9.84000015258789,9.649999618530272,9.800000190734863,22349600,0.01344365185266283,9.670000076293945,9.666000080108642,0.005998431052987478,0
2025-06-25,9.829999923706056,9.890000343322754,9.720000267028809,9.789999961853027,6881000,-0.0010204314986942409,9.704000091552734,9.675000095367432,0.006404474664049874,1
2025-06-26,9.789999961853027,9.8100004196167,9.760000228881836,9.8100004196167,13716700,0.0020429476855570172,9.74600009918213,9.679000091552734,0.005732714889143096,0
2025-06-30,9.81999969482422,9.829999923706056,9.699999809265137,9.699999809265137,16988600,-0.011213109647946418,9.754000091552735,9.679000091552734,0.008790255017329551,1
2025-07-01,9.699999809265137,9.760000228881836,9.6899995803833,9.720000267028809,9735300,0.00206190290277819,9.764000129699706,9.692000102996825,0.008807414485396755,1
2025-07-02,9.720000267028809,9.8100004196167,9.710000038146973,9.760000228881836,10304200,0.004115222299809096,9.756000137329101,9.713000106811524,0.006101509164363752,1
2025-07-03,9.760000228881836,9.800000190734863,9.710000038146973,9.800000190734863,8090300,0.004098356651125901,9.75800018310547,9.7310001373291,0.006473911920305998,0
2025-07-04,9.800000190734863,9.8100004196167,9.739999771118164,9.739999771118164,7461200,-0.0061224916784619055,9.744000053405761,9.745000076293945,0.0069143456005091,0
2025-07-07,9.75,9.760000228881836,9.699999809265137,9.720000267028809,7229900,-0.002053337223750229,9.748000144958496,9.751000118255615,0.004438536217073257,0
2025-07-08,9.699999809265137,9.710000038146973,9.670000076293944,9.699999809265137,9821300,-0.002057660207223977,9.744000053405761,9.754000091552735,0.004439894087775574,0
2025-07-09,9.699999809265137,9.720000267028809,9.68000030517578,9.699999809265137,9677500,0.0,9.731999969482422,9.744000053405761,0.003714956958677072,1
2025-07-10,9.699999809265137,9.729999542236328,9.670000076293944,9.729999542236328,14117500,0.003092756037225586,9.717999839782715,9.738000011444091,0.003365345070707841,0
2025-07-11,9.729999542236328,9.739999771118164,9.649999618530272,9.6899995803833,14116200,-0.004110993189608503,9.707999801635742,9.725999927520752,0.002722763059440418,1
2025-07-14,9.710000038146973,9.75,9.699999809265137,9.720000267028809,4294400,0.0030960462275191336,9.707999801635742,9.72799997329712,0.0031735150656155824,0
2025-07-15,9.720000267028809,9.739999771118164,9.630000114440918,9.649999618530272,11533300,-0.007201712610645283,9.69799976348877,9.720999908447265,0.0045460063295112586,0
2025-07-16,9.640000343322754,9.68000030517578,9.529999732971191,9.529999732971191,12695100,-0.012435221793030138,9.66399974822998,9.697999858856202,0.006724688399123938,0
2025-07-17,9.550000190734863,9.600000381469728,9.510000228881836,9.529999732971191,7431600,0.0,9.623999786376952,9.670999813079835,0.006076288588172014,0
2025-07-18,9.550000190734863,9.59000015258789,9.520000457763672,9.520000457763672,15598200,-0.0010492419189609414,9.589999961853028,9.648999881744384,0.006231036853184828,0
2025-07-21,9.539999961853027,9.600000381469728,9.510000228881836,9.520000457763672,8019000,0.0,9.55,9.62899990081787,0.005523059297220245,1
2025-07-22,9.520000457763672,9.579999923706056,9.510000228881836,9.529999732971191,13305100,0.0010503439838980277,9.526000022888184,9.611999893188477,0.005610646251733333,1
2025-07-23,9.539999961853027,9.619999885559082,9.539999961853027,9.59000015258789,14928700,0.006295951867565597,9.538000106811523,9.600999927520752,0.002911724719214947,1
2025-07-24,9.619999885559082,9.640000343322754,9.550000190734863,9.630000114440918,16109900,0.004171007426129414,9.558000183105468,9.590999984741211,0.0030546841995093533,0
2025-07-25,9.630000114440918,9.630000114440918,9.539999961853027,9.539999961853027,11782100,-0.009345810126515808,9.56200008392334,9.576000022888184,0.006011252485378799,0
2025-07-28,9.5600004196167,9.630000114440918,9.529999732971191,9.539999961853027,8810800,0.0,9.565999984741211,9.557999992370606,0.006011252485378799,0
2025-07-29,9.539999961853027,9.630000114440918,9.520000457763672,9.520000457763672,10407600,-0.0020963840848350346,9.564000129699707,9.545000076293945,0.00609477418348379,0
2025-07-30,9.520000457763672,9.529999732971191,9.4399995803833,9.449999809265137,17662900,-0.007353008942499462,9.536000061035157,9.53700008392334,0.005487021424980981,0
2025-07-31,9.449999809265137,9.489999771118164,9.390000343322754,9.390000343322754,24319000,-0.0063491499633213655,9.488000106811523,9.523000144958496,0.0038623095480894583,1
2025-08-01,9.40999984741211,9.630000114440918,9.399999618530272,9.600000381469728,9626900,0.02236422049721276,9.500000190734863,9.531000137329102,0.012148148071005525,0
2025-08-04,9.600000381469728,9.600000381469728,9.539999961853027,9.539999961853027,5851200,-0.006250043461718646,9.500000190734863,9.533000087738037,0.012629081011178548,1
2025-08-05,9.579999923706056,9.68000030517578,9.5600004196167,9.65999984741211,15631100,0.012578604406595195,9.52800006866455,9.546000099182129,0.013664528746897794,0
2025-08-06,9.68000030517578,9.68000030517578,9.619999885559082,9.630000114440918,13104300,-0.0031055624684329652,9.564000129699707,9.550000095367432,0.012974766415929624,0
2025-08-07,9.630000114440918,9.670000076293944,9.609999656677246,9.630000114440918,9314400,0.0,9.61200008392334,9.550000095367432,0.012001521297559653,0
2025-08-08,9.649999618530272,9.65999984741211,9.59000015258789,9.609999656677246,10712700,-0.0020768907088255517,9.613999938964843,9.557000064849854,0.007262568635643575,1
2025-08-11,9.609999656677246,9.729999542236328,9.609999656677246,9.649999618530272,17908700,0.00416232708450015,9.635999870300292,9.568000030517577,0.006379352722875541,1
2025-08-12,9.649999618530272,9.800000190734863,9.649999618530272,9.710000038146973,16886500,0.006217660309694395,9.645999908447266,9.586999988555908,0.004016820488882168,1
2025-08-13,9.729999542236328,9.890000343322754,9.720000267028809,9.859999656677246,12018300,0.015447952414107124,9.691999816894532,9.627999973297118,0.006821189570465187,0
2025-08-14,9.899999618530272,9.979999542236328,9.829999923706056,9.84000015258789,11253900,-0.0020283473413522657,9.733999824523925,9.672999954223632,0.007222811327535986,0
2025-08-15,9.93000030517578,9.93000030517578,9.789999961853027,9.800000190734863,7456100,-0.004065036710645509,9.771999931335449,9.692999935150146,0.0077034355726838585,0
2025-08-18,9.800000190734863,9.81999969482422,9.779999732971191,9.779999732971191,10610600,-0.0020408629973885928,9.797999954223632,9.716999912261963,0.00814682147040329,1
2025-08-19,9.789999961853027,9.850000381469728,9.789999961853027,9.800000190734863,14476700,0.0020450366369892947,9.815999984741211,9.730999946594238,0.00790740217192741,0
2025-08-20,9.8100004196167,9.850000381469728,9.779999732971191,9.800000190734863,15305500,0.0,9.804000091552734,9.747999954223634,0.0023221927314241407,0
2025-08-21,9.8100004196167,9.850000381469728,9.779999732971191,9.779999732971191,15263300,-0.0020408629973885928,9.792000007629394,9.76299991607666,0.0023232912888241455,1
2025-08-22,9.8100004196167,9.880000114440918,9.800000190734863,9.800000190734863,20549800,0.0020450366369892947,9.792000007629394,9.781999969482422,0.0020429500303521518,1
2025-08-25,9.850000381469728,9.899999618530272,9.829999923706056,9.850000381469728,17724500,0.005102060179767776,9.806000137329102,9.802000045776367,0.002661407321199839,0
2025-08-26,9.850000381469728,9.880000114440918,9.75,9.75,81816700,-0.010152322598672603,9.796000099182129,9.80600004196167,0.00575229011899838,1
2025-08-27,9.779999732971191,9.829999923706056,9.720000267028809,9.789999961853027,7930800,0.004102560190054172,9.794000053405762,9.799000072479249,0.006206869575710052,0
